{"cameraMode":{"drawMode":0,"name":"Shaded","section":"Shading Mode"},"sceneLighting":true,"audioPlay":false,"sceneViewState":{"showFog":false,"showMaterialUpdate":false,"showSkybox":false,"showFlares":false,"showImageEffects":false,"showParticleSystems":false},"in2DMode":false,"pivot":{"x":34.263824462890628,"y":-30.811161041259767,"z":-94.35375213623047},"rotation":{"x":-0.02673688530921936,"y":-0.9733563661575317,"z":0.15788118541240693,"w":-0.16446855664253236},"size":52.120601654052737,"orthographic":false}